<?xml version="1.0" encoding="UTF-8"?>
<project-private xmlns="http://www.netbeans.org/ns/project-private/1">
    <editor-bookmarks xmlns="http://www.netbeans.org/ns/editor-bookmarks/2" lastBookmarkId="0"/>
    <open-files xmlns="http://www.netbeans.org/ns/projectui-open-files/2">
        <group>
            <file>file:/D:/PROGRAMMING/13T/2019-04-08-probavizsga2/LakoparkProjekt/src/lakoparkprojekt/FeladatFrame.java</file>
            <file>file:/D:/PROGRAMMING/13T/2019-04-08-probavizsga2/LakoparkProjekt/src/lakoparkprojekt/Beolvaso.java</file>
            <file>file:/D:/PROGRAMMING/13T/2019-04-08-probavizsga2/LakoparkProjekt/src/lakoparkprojekt/Lakopark.java</file>
            <file>file:/D:/PROGRAMMING/13T/2019-04-08-probavizsga2/LakoparkProjekt/src/lakoparkprojekt/HappyLiving.java</file>
            <file>file:/D:/PROGRAMMING/13T/2019-04-08-probavizsga2/LakoparkProjekt/src/lakoparkprojekt/LakoparkProjekt.java</file>
        </group>
    </open-files>
</project-private>
